TestPerf1,Perftest1,DHAZ3624RPRF,94-1196203RPRF
TestPerf2,Perftest1,DHAZ3624RPRF,94-1196203RPRF
TestPerf3,Perftest1,DHAZ3624RPRF,94-1196203RPRF
TestPerf4,Perftest1,DHAZ3624RPRF,94-1196203RPRF
TestPerf5,Perftest1,DHAZ3624RPRF,94-1196203RPRF
TestPerf6,Perftest1,DHAZ3624RPRF,94-1196203RPRF
TestPerf7,Perftest1,DHAZ3624RPRF,94-1196203RPRF
TestPerf8,Perftest1,DHAZ3624RPRF,94-1196203RPRF
TestPerf9,Perftest1,DHAZ3624RPRF,94-1196203RPRF
TestPerf10,Perftest1,DHAZ3624RPRF,94-1196203RPRF
TestPerf11,Perftest1,DHAZ3624RPRF,94-1196203RPRF
TestPerf12,Perftest1,DHAZ3624RPRF,94-1196203RPRF
TestPerf13,Perftest1,DHAZ3624RPRF,94-1196203RPRF
TestPerf14,Perftest1,DHAZ3624RPRF,94-1196203RPRF
TestPerf15,Perftest1,DHAZ3624RPRF,94-1196203RPRF
TestPerf16,Perftest1,DHAZ3624RPRF,94-1196203RPRF
TestPerf17,Perftest1,DHAZ3624RPRF,94-1196203RPRF
TestPerf18,Perftest1,DHAZ3624RPRF,94-1196203RPRF
TestPerf19,Perftest1,DHAZ3624RPRF,94-1196203RPRF
TestPerf20,Perftest1,DHAZ3624RPRF,94-1196203RPRF
TestPerf21,Perftest1,DHAZ3624RPRF,94-1196203RPRF
TestPerf22,Perftest1,DHAZ3624RPRF,94-1196203RPRF
TestPerf23,Perftest1,DHAZ3624RPRF,94-1196203RPRF
TestPerf24,Perftest1,DHAZ3624RPRF,94-1196203RPRF
TestPerf25,Perftest1,DHAZ3624RPRF,94-1196203RPRF
TestPerf26,Perftest1,DHAZ3624RPRF,94-1196203RPRF
TestPerf27,Perftest1,DHAZ3624RPRF,94-1196203RPRF
TestPerf28,Perftest1,DHAZ3624RPRF,94-1196203RPRF
TestPerf29,Perftest1,DHAZ3624RPRF,94-1196203RPRF
TestPerf30,Perftest1,DHAZ3624RPRF,94-1196203RPRF
TestPerf31,Perftest1,DHAZ3624RPRF,94-1196203RPRF
TestPerf32,Perftest1,DHAZ3624RPRF,94-1196203RPRF
TestPerf33,Perftest1,DHAZ3624RPRF,94-1196203RPRF
TestPerf34,Perftest1,DHAZ3624RPRF,94-1196203RPRF
TestPerf35,Perftest1,DHAZ3624RPRF,94-1196203RPRF
TestPerf36,Perftest1,DHAZ3624RPRF,94-1196203RPRF
TestPerf37,Perftest1,DHAZ3624RPRF,94-1196203RPRF
TestPerf38,Perftest1,DHAZ3624RPRF,94-1196203RPRF
TestPerf39,Perftest1,DHAZ3624RPRF,94-1196203RPRF
TestPerf40,Perftest1,DHAZ3624RPRF,94-1196203RPRF
TestPerf41,Perftest1,DHAZ3624RPRF,94-1196203RPRF
TestPerf42,Perftest1,DHAZ3624RPRF,94-1196203RPRF
TestPerf43,Perftest1,DHAZ3624RPRF,94-1196203RPRF
TestPerf44,Perftest1,DHAZ3624RPRF,94-1196203RPRF
TestPerf45,Perftest1,DHAZ3624RPRF,94-1196203RPRF
TestPerf46,Perftest1,DHAZ3624RPRF,94-1196203RPRF
TestPerf47,Perftest1,DHAZ3624RPRF,94-1196203RPRF
TestPerf48,Perftest1,DHAZ3624RPRF,94-1196203RPRF
TestPerf49,Perftest1,DHAZ3624RPRF,94-1196203RPRF
TestPerf50,Perftest1,DHAZ3624RPRF,94-1196203RPRF
TestPerf51,Perftest1,DHAZ3624RPRF,94-1196203RPRF
TestPerf52,Perftest1,DHAZ3624RPRF,94-1196203RPRF
TestPerf53,Perftest1,DHAZ3624RPRF,94-1196203RPRF
TestPerf54,Perftest1,DHAZ3624RPRF,94-1196203RPRF
TestPerf55,Perftest1,DHAZ3624RPRF,94-1196203RPRF
TestPerf56,Perftest1,DHAZ3624RPRF,94-1196203RPRF
TestPerf57,Perftest1,DHAZ3624RPRF,94-1196203RPRF
TestPerf58,Perftest1,DHAZ3624RPRF,94-1196203RPRF
TestPerf59,Perftest1,DHAZ3624RPRF,94-1196203RPRF
TestPerf60,Perftest1,DHAZ3624RPRF,94-1196203RPRF
TestPerf61,Perftest1,DHAZ3624RPRF,94-1196203RPRF
TestPerf62,Perftest1,DHAZ3624RPRF,94-1196203RPRF
TestPerf63,Perftest1,DHAZ3624RPRF,94-1196203RPRF
TestPerf64,Perftest1,DHAZ3624RPRF,94-1196203RPRF
TestPerf65,Perftest1,DHAZ3624RPRF,94-1196203RPRF
TestPerf66,Perftest1,DHAZ3624RPRF,94-1196203RPRF
TestPerf67,Perftest1,DHAZ3624RPRF,94-1196203RPRF
TestPerf68,Perftest1,DHAZ3624RPRF,94-1196203RPRF
TestPerf69,Perftest1,DHAZ3624RPRF,94-1196203RPRF
TestPerf70,Perftest1,DHAZ3624RPRF,94-1196203RPRF
TestPerf71,Perftest1,DHAZ3624RPRF,94-1196203RPRF
TestPerf72,Perftest1,DHAZ3624RPRF,94-1196203RPRF
TestPerf73,Perftest1,DHAZ3624RPRF,94-1196203RPRF
TestPerf74,Perftest1,DHAZ3624RPRF,94-1196203RPRF
TestPerf75,Perftest1,DHAZ3624RPRF,94-1196203RPRF
TestPerf76,Perftest1,DHAZ3624RPRF,94-1196203RPRF
TestPerf77,Perftest1,DHAZ3624RPRF,94-1196203RPRF
TestPerf78,Perftest1,DHAZ3624RPRF,94-1196203RPRF
TestPerf79,Perftest1,DHAZ3624RPRF,94-1196203RPRF
TestPerf80,Perftest1,DHAZ3624RPRF,94-1196203RPRF
TestPerf81,Perftest1,DHAZ3624RPRF,94-1196203RPRF
TestPerf82,Perftest1,DHAZ3624RPRF,94-1196203RPRF
TestPerf83,Perftest1,DHAZ3624RPRF,94-1196203RPRF
TestPerf84,Perftest1,DHAZ3624RPRF,94-1196203RPRF
TestPerf85,Perftest1,DHAZ3624RPRF,94-1196203RPRF
TestPerf86,Perftest1,DHAZ3624RPRF,94-1196203RPRF
TestPerf87,Perftest1,DHAZ3624RPRF,94-1196203RPRF
TestPerf88,Perftest1,DHAZ3624RPRF,94-1196203RPRF
TestPerf89,Perftest1,DHAZ3624RPRF,94-1196203RPRF
TestPerf90,Perftest1,DHAZ3624RPRF,94-1196203RPRF
TestPerf91,Perftest1,DHAZ3624RPRF,94-1196203RPRF
TestPerf92,Perftest1,DHAZ3624RPRF,94-1196203RPRF
TestPerf93,Perftest1,DHAZ3624RPRF,94-1196203RPRF
TestPerf94,Perftest1,DHAZ3624RPRF,94-1196203RPRF
TestPerf95,Perftest1,DHAZ3624RPRF,94-1196203RPRF
TestPerf96,Perftest1,DHAZ3624RPRF,94-1196203RPRF
TestPerf97,Perftest1,DHAZ3624RPRF,94-1196203RPRF
TestPerf98,Perftest1,DHAZ3624RPRF,94-1196203RPRF
TestPerf99,Perftest1,DHAZ3624RPRF,94-1196203RPRF
TestPerf100,Perftest1,DHAZ3624RPRF,94-1196203RPRF
TestPerf101,Perftest1,DHAZ3624RPRF,94-1196203RPRF
TestPerf102,Perftest1,DHAZ3624RPRF,94-1196203RPRF
TestPerf103,Perftest1,DHAZ3624RPRF,94-1196203RPRF
TestPerf104,Perftest1,DHAZ3624RPRF,94-1196203RPRF
TestPerf105,Perftest1,DHAZ3624RPRF,94-1196203RPRF
TestPerf106,Perftest1,DHAZ3624RPRF,94-1196203RPRF
TestPerf107,Perftest1,DHAZ3624RPRF,94-1196203RPRF
TestPerf108,Perftest1,DHAZ3624RPRF,94-1196203RPRF
TestPerf109,Perftest1,DHAZ3624RPRF,94-1196203RPRF
TestPerf110,Perftest1,DHAZ3624RPRF,94-1196203RPRF
TestPerf111,Perftest1,DHAZ3624RPRF,94-1196203RPRF
TestPerf112,Perftest1,DHAZ3624RPRF,94-1196203RPRF
TestPerf113,Perftest1,DHAZ3624RPRF,94-1196203RPRF
TestPerf114,Perftest1,DHAZ3624RPRF,94-1196203RPRF
TestPerf115,Perftest1,DHAZ3624RPRF,94-1196203RPRF
TestPerf116,Perftest1,DHAZ3624RPRF,94-1196203RPRF
TestPerf117,Perftest1,DHAZ3624RPRF,94-1196203RPRF
TestPerf118,Perftest1,DHAZ3624RPRF,94-1196203RPRF
TestPerf119,Perftest1,DHAZ3624RPRF,94-1196203RPRF
TestPerf120,Perftest1,DHAZ3624RPRF,94-1196203RPRF
TestPerf121,Perftest1,DHAZ3624RPRF,94-1196203RPRF
TestPerf122,Perftest1,DHAZ3624RPRF,94-1196203RPRF
TestPerf123,Perftest1,DHAZ3624RPRF,94-1196203RPRF
TestPerf124,Perftest1,DHAZ3624RPRF,94-1196203RPRF
TestPerf125,Perftest1,DHAZ3624RPRF,94-1196203RPRF
TestPerf126,Perftest1,DHAZ3624RPRF,94-1196203RPRF
TestPerf127,Perftest1,DHAZ3624RPRF,94-1196203RPRF
TestPerf128,Perftest1,DHAZ3624RPRF,94-1196203RPRF
TestPerf129,Perftest1,DHAZ3624RPRF,94-1196203RPRF
TestPerf130,Perftest1,DHAZ3624RPRF,94-1196203RPRF
TestPerf131,Perftest1,DHAZ3624RPRF,94-1196203RPRF
TestPerf132,Perftest1,DHAZ3624RPRF,94-1196203RPRF
TestPerf133,Perftest1,DHAZ3624RPRF,94-1196203RPRF
TestPerf134,Perftest1,DHAZ3624RPRF,94-1196203RPRF
TestPerf135,Perftest1,DHAZ3624RPRF,94-1196203RPRF
TestPerf136,Perftest1,DHAZ3624RPRF,94-1196203RPRF
TestPerf137,Perftest1,DHAZ3624RPRF,94-1196203RPRF
TestPerf138,Perftest1,DHAZ3624RPRF,94-1196203RPRF
TestPerf139,Perftest1,DHAZ3624RPRF,94-1196203RPRF
TestPerf140,Perftest1,DHAZ3624RPRF,94-1196203RPRF
TestPerf141,Perftest1,DHAZ3624RPRF,94-1196203RPRF
TestPerf142,Perftest1,DHAZ3624RPRF,94-1196203RPRF
TestPerf143,Perftest1,DHAZ3624RPRF,94-1196203RPRF
TestPerf144,Perftest1,DHAZ3624RPRF,94-1196203RPRF
TestPerf145,Perftest1,DHAZ3624RPRF,94-1196203RPRF
TestPerf146,Perftest1,DHAZ3624RPRF,94-1196203RPRF
TestPerf147,Perftest1,DHAZ3624RPRF,94-1196203RPRF
TestPerf148,Perftest1,DHAZ3624RPRF,94-1196203RPRF
TestPerf149,Perftest1,DHAZ3624RPRF,94-1196203RPRF
TestPerf150,Perftest1,DHAZ3624RPRF,94-1196203RPRF
TestPerf151,Perftest1,DHAZ3624RPRF,94-1196203RPRF
TestPerf152,Perftest1,DHAZ3624RPRF,94-1196203RPRF
TestPerf153,Perftest1,DHAZ3624RPRF,94-1196203RPRF
TestPerf154,Perftest1,DHAZ3624RPRF,94-1196203RPRF
TestPerf155,Perftest1,DHAZ3624RPRF,94-1196203RPRF
TestPerf156,Perftest1,DHAZ3624RPRF,94-1196203RPRF
TestPerf157,Perftest1,DHAZ3624RPRF,94-1196203RPRF
TestPerf158,Perftest1,DHAZ3624RPRF,94-1196203RPRF
TestPerf159,Perftest1,DHAZ3624RPRF,94-1196203RPRF
TestPerf160,Perftest1,DHAZ3624RPRF,94-1196203RPRF
TestPerf161,Perftest1,DHAZ3624RPRF,94-1196203RPRF
TestPerf162,Perftest1,DHAZ3624RPRF,94-1196203RPRF
TestPerf163,Perftest1,DHAZ3624RPRF,94-1196203RPRF
TestPerf164,Perftest1,DHAZ3624RPRF,94-1196203RPRF
TestPerf165,Perftest1,DHAZ3624RPRF,94-1196203RPRF
TestPerf166,Perftest1,DHAZ3624RPRF,94-1196203RPRF
TestPerf167,Perftest1,DHAZ3624RPRF,94-1196203RPRF
TestPerf168,Perftest1,DHAZ3624RPRF,94-1196203RPRF
TestPerf169,Perftest1,DHAZ3624RPRF,94-1196203RPRF
TestPerf170,Perftest1,DHAZ3624RPRF,94-1196203RPRF
TestPerf171,Perftest1,DHAZ3624RPRF,94-1196203RPRF
TestPerf172,Perftest1,DHAZ3624RPRF,94-1196203RPRF
TestPerf173,Perftest1,DHAZ3624RPRF,94-1196203RPRF
TestPerf174,Perftest1,DHAZ3624RPRF,94-1196203RPRF
TestPerf175,Perftest1,DHAZ3624RPRF,94-1196203RPRF
TestPerf176,Perftest1,DHAZ3624RPRF,94-1196203RPRF
TestPerf177,Perftest1,DHAZ3624RPRF,94-1196203RPRF
TestPerf178,Perftest1,DHAZ3624RPRF,94-1196203RPRF
TestPerf179,Perftest1,DHAZ3624RPRF,94-1196203RPRF
TestPerf180,Perftest1,DHAZ3624RPRF,94-1196203RPRF
TestPerf181,Perftest1,DHAZ3624RPRF,94-1196203RPRF
TestPerf182,Perftest1,DHAZ3624RPRF,94-1196203RPRF
TestPerf183,Perftest1,DHAZ3624RPRF,94-1196203RPRF
TestPerf184,Perftest1,DHAZ3624RPRF,94-1196203RPRF
TestPerf185,Perftest1,DHAZ3624RPRF,94-1196203RPRF
TestPerf186,Perftest1,DHAZ3624RPRF,94-1196203RPRF
TestPerf187,Perftest1,DHAZ3624RPRF,94-1196203RPRF
TestPerf188,Perftest1,DHAZ3624RPRF,94-1196203RPRF
TestPerf189,Perftest1,DHAZ3624RPRF,94-1196203RPRF
TestPerf190,Perftest1,DHAZ3624RPRF,94-1196203RPRF
TestPerf191,Perftest1,DHAZ3624RPRF,94-1196203RPRF
TestPerf192,Perftest1,DHAZ3624RPRF,94-1196203RPRF
TestPerf193,Perftest1,DHAZ3624RPRF,94-1196203RPRF
TestPerf194,Perftest1,DHAZ3624RPRF,94-1196203RPRF
TestPerf195,Perftest1,DHAZ3624RPRF,94-1196203RPRF
TestPerf196,Perftest1,DHAZ3624RPRF,94-1196203RPRF
TestPerf197,Perftest1,DHAZ3624RPRF,94-1196203RPRF
TestPerf198,Perftest1,DHAZ3624RPRF,94-1196203RPRF
TestPerf199,Perftest1,DHAZ3624RPRF,94-1196203RPRF
TestPerf200,Perftest1,DHAZ3624RPRF,94-1196203RPRF
TestPerf201,Perftest1,DHAZ3624RPRF,94-1196203RPRF
TestPerf202,Perftest1,DHAZ3624RPRF,94-1196203RPRF
TestPerf203,Perftest1,DHAZ3624RPRF,94-1196203RPRF
TestPerf204,Perftest1,DHAZ3624RPRF,94-1196203RPRF
TestPerf205,Perftest1,DHAZ3624RPRF,94-1196203RPRF
TestPerf206,Perftest1,DHAZ3624RPRF,94-1196203RPRF
TestPerf207,Perftest1,DHAZ3624RPRF,94-1196203RPRF
TestPerf208,Perftest1,DHAZ3624RPRF,94-1196203RPRF
TestPerf209,Perftest1,DHAZ3624RPRF,94-1196203RPRF
TestPerf210,Perftest1,DHAZ3624RPRF,94-1196203RPRF
TestPerf211,Perftest1,DHAZ3624RPRF,94-1196203RPRF
TestPerf212,Perftest1,DHAZ3624RPRF,94-1196203RPRF
TestPerf213,Perftest1,DHAZ3624RPRF,94-1196203RPRF
TestPerf214,Perftest1,DHAZ3624RPRF,94-1196203RPRF
TestPerf215,Perftest1,DHAZ3624RPRF,94-1196203RPRF
TestPerf216,Perftest1,DHAZ3624RPRF,94-1196203RPRF
TestPerf217,Perftest1,DHAZ3624RPRF,94-1196203RPRF
TestPerf218,Perftest1,DHAZ3624RPRF,94-1196203RPRF
TestPerf219,Perftest1,DHAZ3624RPRF,94-1196203RPRF
TestPerf220,Perftest1,DHAZ3624RPRF,94-1196203RPRF
TestPerf221,Perftest1,DHAZ3624RPRF,94-1196203RPRF
TestPerf222,Perftest1,DHAZ3624RPRF,94-1196203RPRF
TestPerf223,Perftest1,DHAZ3624RPRF,94-1196203RPRF
TestPerf224,Perftest1,DHAZ3624RPRF,94-1196203RPRF
TestPerf225,Perftest1,DHAZ3624RPRF,94-1196203RPRF
TestPerf226,Perftest1,DHAZ3624RPRF,94-1196203RPRF
TestPerf227,Perftest1,DHAZ3624RPRF,94-1196203RPRF
TestPerf228,Perftest1,DHAZ3624RPRF,94-1196203RPRF
TestPerf229,Perftest1,DHAZ3624RPRF,94-1196203RPRF
TestPerf230,Perftest1,DHAZ3624RPRF,94-1196203RPRF
TestPerf231,Perftest1,DHAZ3624RPRF,94-1196203RPRF
TestPerf232,Perftest1,DHAZ3624RPRF,94-1196203RPRF
TestPerf233,Perftest1,DHAZ3624RPRF,94-1196203RPRF
TestPerf234,Perftest1,DHAZ3624RPRF,94-1196203RPRF
TestPerf235,Perftest1,DHAZ3624RPRF,94-1196203RPRF
TestPerf236,Perftest1,DHAZ3624RPRF,94-1196203RPRF
TestPerf237,Perftest1,DHAZ3624RPRF,94-1196203RPRF
TestPerf238,Perftest1,DHAZ3624RPRF,94-1196203RPRF
TestPerf239,Perftest1,DHAZ3624RPRF,94-1196203RPRF
TestPerf240,Perftest1,DHAZ3624RPRF,94-1196203RPRF
TestPerf241,Perftest1,DHAZ3624RPRF,94-1196203RPRF
TestPerf242,Perftest1,DHAZ3624RPRF,94-1196203RPRF
TestPerf243,Perftest1,DHAZ3624RPRF,94-1196203RPRF
TestPerf244,Perftest1,DHAZ3624RPRF,94-1196203RPRF
TestPerf245,Perftest1,DHAZ3624RPRF,94-1196203RPRF
TestPerf246,Perftest1,DHAZ3624RPRF,94-1196203RPRF
TestPerf247,Perftest1,DHAZ3624RPRF,94-1196203RPRF
TestPerf248,Perftest1,DHAZ3624RPRF,94-1196203RPRF
TestPerf249,Perftest1,DHAZ3624RPRF,94-1196203RPRF
TestPerf250,Perftest1,DHAZ3624RPRF,94-1196203RPRF
TestPerf251,Perftest1,DHAZ3624RPRF,94-1196203RPRF
TestPerf252,Perftest1,DHAZ3624RPRF,94-1196203RPRF
TestPerf253,Perftest1,DHAZ3624RPRF,94-1196203RPRF
TestPerf254,Perftest1,DHAZ3624RPRF,94-1196203RPRF
TestPerf255,Perftest1,DHAZ3624RPRF,94-1196203RPRF
TestPerf256,Perftest1,DHAZ3624RPRF,94-1196203RPRF
TestPerf257,Perftest1,DHAZ3624RPRF,94-1196203RPRF
TestPerf258,Perftest1,DHAZ3624RPRF,94-1196203RPRF
TestPerf259,Perftest1,DHAZ3624RPRF,94-1196203RPRF
TestPerf260,Perftest1,DHAZ3624RPRF,94-1196203RPRF
TestPerf261,Perftest1,DHAZ3624RPRF,94-1196203RPRF
TestPerf262,Perftest1,DHAZ3624RPRF,94-1196203RPRF
TestPerf263,Perftest1,DHAZ3624RPRF,94-1196203RPRF
TestPerf264,Perftest1,DHAZ3624RPRF,94-1196203RPRF
TestPerf265,Perftest1,DHAZ3624RPRF,94-1196203RPRF
TestPerf266,Perftest1,DHAZ3624RPRF,94-1196203RPRF
TestPerf267,Perftest1,DHAZ3624RPRF,94-1196203RPRF
TestPerf268,Perftest1,DHAZ3624RPRF,94-1196203RPRF
TestPerf269,Perftest1,DHAZ3624RPRF,94-1196203RPRF
TestPerf270,Perftest1,DHAZ3624RPRF,94-1196203RPRF
TestPerf271,Perftest1,DHAZ3624RPRF,94-1196203RPRF
TestPerf272,Perftest1,DHAZ3624RPRF,94-1196203RPRF
TestPerf273,Perftest1,DHAZ3624RPRF,94-1196203RPRF
TestPerf274,Perftest1,DHAZ3624RPRF,94-1196203RPRF
TestPerf275,Perftest1,DHAZ3624RPRF,94-1196203RPRF
TestPerf276,Perftest1,DHAZ3624RPRF,94-1196203RPRF
TestPerf277,Perftest1,DHAZ3624RPRF,94-1196203RPRF
TestPerf278,Perftest1,DHAZ3624RPRF,94-1196203RPRF
TestPerf279,Perftest1,DHAZ3624RPRF,94-1196203RPRF
TestPerf280,Perftest1,DHAZ3624RPRF,94-1196203RPRF
TestPerf281,Perftest1,DHAZ3624RPRF,94-1196203RPRF
TestPerf282,Perftest1,DHAZ3624RPRF,94-1196203RPRF
TestPerf283,Perftest1,DHAZ3624RPRF,94-1196203RPRF
TestPerf284,Perftest1,DHAZ3624RPRF,94-1196203RPRF
TestPerf285,Perftest1,DHAZ3624RPRF,94-1196203RPRF
TestPerf286,Perftest1,DHAZ3624RPRF,94-1196203RPRF
TestPerf287,Perftest1,DHAZ3624RPRF,94-1196203RPRF
TestPerf288,Perftest1,DHAZ3624RPRF,94-1196203RPRF
TestPerf289,Perftest1,DHAZ3624RPRF,94-1196203RPRF
TestPerf290,Perftest1,DHAZ3624RPRF,94-1196203RPRF
TestPerf291,Perftest1,DHAZ3624RPRF,94-1196203RPRF
TestPerf292,Perftest1,DHAZ3624RPRF,94-1196203RPRF
TestPerf293,Perftest1,DHAZ3624RPRF,94-1196203RPRF
TestPerf294,Perftest1,DHAZ3624RPRF,94-1196203RPRF
TestPerf295,Perftest1,DHAZ3624RPRF,94-1196203RPRF
TestPerf296,Perftest1,DHAZ3624RPRF,94-1196203RPRF
TestPerf297,Perftest1,DHAZ3624RPRF,94-1196203RPRF
TestPerf298,Perftest1,DHAZ3624RPRF,94-1196203RPRF
TestPerf299,Perftest1,DHAZ3624RPRF,94-1196203RPRF
TestPerf300,Perftest1,DHAZ3624RPRF,94-1196203RPRF
TestPerf301,Perftest1,DHAZ3624RPRF,94-1196203RPRF
TestPerf302,Perftest1,DHAZ3624RPRF,94-1196203RPRF
TestPerf303,Perftest1,DHAZ3624RPRF,94-1196203RPRF
TestPerf304,Perftest1,DHAZ3624RPRF,94-1196203RPRF
TestPerf305,Perftest1,DHAZ3624RPRF,94-1196203RPRF
TestPerf306,Perftest1,DHAZ3624RPRF,94-1196203RPRF
TestPerf307,Perftest1,DHAZ3624RPRF,94-1196203RPRF
TestPerf308,Perftest1,DHAZ3624RPRF,94-1196203RPRF
TestPerf309,Perftest1,DHAZ3624RPRF,94-1196203RPRF
TestPerf310,Perftest1,DHAZ3624RPRF,94-1196203RPRF
TestPerf311,Perftest1,DHAZ3624RPRF,94-1196203RPRF
TestPerf312,Perftest1,DHAZ3624RPRF,94-1196203RPRF
TestPerf313,Perftest1,DHAZ3624RPRF,94-1196203RPRF
TestPerf314,Perftest1,DHAZ3624RPRF,94-1196203RPRF
TestPerf315,Perftest1,DHAZ3624RPRF,94-1196203RPRF
TestPerf316,Perftest1,DHAZ3624RPRF,94-1196203RPRF
TestPerf317,Perftest1,DHAZ3624RPRF,94-1196203RPRF
TestPerf318,Perftest1,DHAZ3624RPRF,94-1196203RPRF
TestPerf319,Perftest1,DHAZ3624RPRF,94-1196203RPRF
TestPerf320,Perftest1,DHAZ3624RPRF,94-1196203RPRF
TestPerf321,Perftest1,DHAZ3624RPRF,94-1196203RPRF
TestPerf322,Perftest1,DHAZ3624RPRF,94-1196203RPRF
TestPerf323,Perftest1,DHAZ3624RPRF,94-1196203RPRF
TestPerf324,Perftest1,DHAZ3624RPRF,94-1196203RPRF
TestPerf325,Perftest1,DHAZ3624RPRF,94-1196203RPRF
TestPerf326,Perftest1,DHAZ3624RPRF,94-1196203RPRF
TestPerf327,Perftest1,DHAZ3624RPRF,94-1196203RPRF
TestPerf328,Perftest1,DHAZ3624RPRF,94-1196203RPRF
TestPerf329,Perftest1,DHAZ3624RPRF,94-1196203RPRF
TestPerf330,Perftest1,DHAZ3624RPRF,94-1196203RPRF
TestPerf331,Perftest1,DHAZ3624RPRF,94-1196203RPRF
TestPerf332,Perftest1,DHAZ3624RPRF,94-1196203RPRF
TestPerf333,Perftest1,DHAZ3624RPRF,94-1196203RPRF
TestPerf334,Perftest1,DHAZ3624RPRF,94-1196203RPRF
TestPerf335,Perftest1,DHAZ3624RPRF,94-1196203RPRF
TestPerf336,Perftest1,DHAZ3624RPRF,94-1196203RPRF
TestPerf337,Perftest1,DHAZ3624RPRF,94-1196203RPRF
TestPerf338,Perftest1,DHAZ3624RPRF,94-1196203RPRF
TestPerf339,Perftest1,DHAZ3624RPRF,94-1196203RPRF
TestPerf340,Perftest1,DHAZ3624RPRF,94-1196203RPRF
TestPerf341,Perftest1,DHAZ3624RPRF,94-1196203RPRF
TestPerf342,Perftest1,DHAZ3624RPRF,94-1196203RPRF
TestPerf343,Perftest1,DHAZ3624RPRF,94-1196203RPRF
TestPerf344,Perftest1,DHAZ3624RPRF,94-1196203RPRF
TestPerf345,Perftest1,DHAZ3624RPRF,94-1196203RPRF
TestPerf346,Perftest1,DHAZ3624RPRF,94-1196203RPRF
TestPerf347,Perftest1,DHAZ3624RPRF,94-1196203RPRF
TestPerf348,Perftest1,DHAZ3624RPRF,94-1196203RPRF
TestPerf349,Perftest1,DHAZ3624RPRF,94-1196203RPRF
TestPerf350,Perftest1,DHAZ3624RPRF,94-1196203RPRF
TestPerf351,Perftest1,DHAZ3624RPRF,94-1196203RPRF
TestPerf352,Perftest1,DHAZ3624RPRF,94-1196203RPRF
TestPerf353,Perftest1,DHAZ3624RPRF,94-1196203RPRF
TestPerf354,Perftest1,DHAZ3624RPRF,94-1196203RPRF
TestPerf355,Perftest1,DHAZ3624RPRF,94-1196203RPRF
TestPerf356,Perftest1,DHAZ3624RPRF,94-1196203RPRF
TestPerf357,Perftest1,DHAZ3624RPRF,94-1196203RPRF
TestPerf358,Perftest1,DHAZ3624RPRF,94-1196203RPRF
TestPerf359,Perftest1,DHAZ3624RPRF,94-1196203RPRF
TestPerf360,Perftest1,DHAZ3624RPRF,94-1196203RPRF
TestPerf361,Perftest1,DHAZ3624RPRF,94-1196203RPRF
TestPerf362,Perftest1,DHAZ3624RPRF,94-1196203RPRF
TestPerf363,Perftest1,DHAZ3624RPRF,94-1196203RPRF
TestPerf364,Perftest1,DHAZ3624RPRF,94-1196203RPRF
TestPerf365,Perftest1,DHAZ3624RPRF,94-1196203RPRF
TestPerf366,Perftest1,DHAZ3624RPRF,94-1196203RPRF
TestPerf367,Perftest1,DHAZ3624RPRF,94-1196203RPRF
TestPerf368,Perftest1,DHAZ3624RPRF,94-1196203RPRF
TestPerf369,Perftest1,DHAZ3624RPRF,94-1196203RPRF
TestPerf370,Perftest1,DHAZ3624RPRF,94-1196203RPRF
TestPerf371,Perftest1,DHAZ3624RPRF,94-1196203RPRF
TestPerf372,Perftest1,DHAZ3624RPRF,94-1196203RPRF
TestPerf373,Perftest1,DHAZ3624RPRF,94-1196203RPRF
TestPerf374,Perftest1,DHAZ3624RPRF,94-1196203RPRF
TestPerf375,Perftest1,DHAZ3624RPRF,94-1196203RPRF
TestPerf376,Perftest1,DHAZ3624RPRF,94-1196203RPRF
TestPerf378,Perftest1,DHAZ3624RPRF,94-1196203RPRF
TestPerf379,Perftest1,DHAZ3624RPRF,94-1196203RPRF
TestPerf380,Perftest1,DHAZ3624RPRF,94-1196203RPRF
TestPerf381,Perftest1,DHAZ3624RPRF,94-1196203RPRF
TestPerf382,Perftest1,DHAZ3624RPRF,94-1196203RPRF
TestPerf383,Perftest1,DHAZ3624RPRF,94-1196203RPRF
TestPerf384,Perftest1,DHAZ3624RPRF,94-1196203RPRF
TestPerf385,Perftest1,DHAZ3624RPRF,94-1196203RPRF
TestPerf386,Perftest1,DHAZ3624RPRF,94-1196203RPRF
TestPerf387,Perftest1,DHAZ3624RPRF,94-1196203RPRF
TestPerf388,Perftest1,DHAZ3624RPRF,94-1196203RPRF
TestPerf389,Perftest1,DHAZ3624RPRF,94-1196203RPRF
TestPerf390,Perftest1,DHAZ3624RPRF,94-1196203RPRF
TestPerf391,Perftest1,DHAZ3624RPRF,94-1196203RPRF
TestPerf392,Perftest1,DHAZ3624RPRF,94-1196203RPRF
TestPerf393,Perftest1,DHAZ3624RPRF,94-1196203RPRF
TestPerf394,Perftest1,DHAZ3624RPRF,94-1196203RPRF
TestPerf395,Perftest1,DHAZ3624RPRF,94-1196203RPRF
TestPerf396,Perftest1,DHAZ3624RPRF,94-1196203RPRF
TestPerf397,Perftest1,DHAZ3624RPRF,94-1196203RPRF
TestPerf398,Perftest1,DHAZ3624RPRF,94-1196203RPRF
TestPerf399,Perftest1,DHAZ3624RPRF,94-1196203RPRF
TestPerf400,Perftest1,DHAZ3624RPRF,94-1196203RPRF
TestPerf401,Perftest1,DHAZ3624RPRF,94-1196203RPRF
TestPerf402,Perftest1,DHAZ3624RPRF,94-1196203RPRF
TestPerf403,Perftest1,DHAZ3624RPRF,94-1196203RPRF
TestPerf404,Perftest1,DHAZ3624RPRF,94-1196203RPRF
TestPerf405,Perftest1,DHAZ3624RPRF,94-1196203RPRF
TestPerf406,Perftest1,DHAZ3624RPRF,94-1196203RPRF
TestPerf407,Perftest1,DHAZ3624RPRF,94-1196203RPRF
TestPerf408,Perftest1,DHAZ3624RPRF,94-1196203RPRF
TestPerf409,Perftest1,DHAZ3624RPRF,94-1196203RPRF
TestPerf410,Perftest1,DHAZ3624RPRF,94-1196203RPRF
TestPerf411,Perftest1,DHAZ3624RPRF,94-1196203RPRF
TestPerf412,Perftest1,DHAZ3624RPRF,94-1196203RPRF
TestPerf413,Perftest1,DHAZ3624RPRF,94-1196203RPRF
TestPerf414,Perftest1,DHAZ3624RPRF,94-1196203RPRF
TestPerf415,Perftest1,DHAZ3624RPRF,94-1196203RPRF
TestPerf416,Perftest1,DHAZ3624RPRF,94-1196203RPRF
TestPerf417,Perftest1,DHAZ3624RPRF,94-1196203RPRF
TestPerf418,Perftest1,DHAZ3624RPRF,94-1196203RPRF
TestPerf419,Perftest1,DHAZ3624RPRF,94-1196203RPRF
TestPerf420,Perftest1,DHAZ3624RPRF,94-1196203RPRF
TestPerf421,Perftest1,DHAZ3624RPRF,94-1196203RPRF
TestPerf422,Perftest1,DHAZ3624RPRF,94-1196203RPRF
TestPerf423,Perftest1,DHAZ3624RPRF,94-1196203RPRF
TestPerf424,Perftest1,DHAZ3624RPRF,94-1196203RPRF
TestPerf425,Perftest1,DHAZ3624RPRF,94-1196203RPRF
TestPerf426,Perftest1,DHAZ3624RPRF,94-1196203RPRF
TestPerf427,Perftest1,DHAZ3624RPRF,94-1196203RPRF
TestPerf428,Perftest1,DHAZ3624RPRF,94-1196203RPRF
TestPerf429,Perftest1,DHAZ3624RPRF,94-1196203RPRF
TestPerf430,Perftest1,DHAZ3624RPRF,94-1196203RPRF
TestPerf431,Perftest1,DHAZ3624RPRF,94-1196203RPRF
TestPerf432,Perftest1,DHAZ3624RPRF,94-1196203RPRF
TestPerf433,Perftest1,DHAZ3624RPRF,94-1196203RPRF
TestPerf434,Perftest1,DHAZ3624RPRF,94-1196203RPRF
TestPerf435,Perftest1,DHAZ3624RPRF,94-1196203RPRF
TestPerf436,Perftest1,DHAZ3624RPRF,94-1196203RPRF
TestPerf437,Perftest1,DHAZ3624RPRF,94-1196203RPRF
TestPerf438,Perftest1,DHAZ3624RPRF,94-1196203RPRF
TestPerf439,Perftest1,DHAZ3624RPRF,94-1196203RPRF
TestPerf440,Perftest1,DHAZ3624RPRF,94-1196203RPRF
TestPerf441,Perftest1,DHAZ3624RPRF,94-1196203RPRF
TestPerf442,Perftest1,DHAZ3624RPRF,94-1196203RPRF
TestPerf443,Perftest1,DHAZ3624RPRF,94-1196203RPRF
TestPerf444,Perftest1,DHAZ3624RPRF,94-1196203RPRF
TestPerf445,Perftest1,DHAZ3624RPRF,94-1196203RPRF
TestPerf446,Perftest1,DHAZ3624RPRF,94-1196203RPRF
TestPerf447,Perftest1,DHAZ3624RPRF,94-1196203RPRF
TestPerf448,Perftest1,DHAZ3624RPRF,94-1196203RPRF
TestPerf449,Perftest1,DHAZ3624RPRF,94-1196203RPRF
TestPerf450,Perftest1,DHAZ3624RPRF,94-1196203RPRF
TestPerf451,Perftest1,DHAZ3624RPRF,94-1196203RPRF
TestPerf452,Perftest1,DHAZ3624RPRF,94-1196203RPRF
TestPerf453,Perftest1,DHAZ3624RPRF,94-1196203RPRF
TestPerf454,Perftest1,DHAZ3624RPRF,94-1196203RPRF
TestPerf455,Perftest1,DHAZ3624RPRF,94-1196203RPRF
TestPerf456,Perftest1,DHAZ3624RPRF,94-1196203RPRF
TestPerf457,Perftest1,DHAZ3624RPRF,94-1196203RPRF
TestPerf458,Perftest1,DHAZ3624RPRF,94-1196203RPRF
TestPerf459,Perftest1,DHAZ3624RPRF,94-1196203RPRF
TestPerf460,Perftest1,DHAZ3624RPRF,94-1196203RPRF
TestPerf461,Perftest1,DHAZ3624RPRF,94-1196203RPRF
TestPerf462,Perftest1,DHAZ3624RPRF,94-1196203RPRF
TestPerf463,Perftest1,DHAZ3624RPRF,94-1196203RPRF
TestPerf464,Perftest1,DHAZ3624RPRF,94-1196203RPRF
TestPerf465,Perftest1,DHAZ3624RPRF,94-1196203RPRF
TestPerf466,Perftest1,DHAZ3624RPRF,94-1196203RPRF
TestPerf467,Perftest1,DHAZ3624RPRF,94-1196203RPRF
TestPerf468,Perftest1,DHAZ3624RPRF,94-1196203RPRF
TestPerf469,Perftest1,DHAZ3624RPRF,94-1196203RPRF
TestPerf470,Perftest1,DHAZ3624RPRF,94-1196203RPRF
TestPerf471,Perftest1,DHAZ3624RPRF,94-1196203RPRF
TestPerf472,Perftest1,DHAZ3624RPRF,94-1196203RPRF
TestPerf473,Perftest1,DHAZ3624RPRF,94-1196203RPRF
TestPerf474,Perftest1,DHAZ3624RPRF,94-1196203RPRF
TestPerf475,Perftest1,DHAZ3624RPRF,94-1196203RPRF
TestPerf476,Perftest1,DHAZ3624RPRF,94-1196203RPRF
TestPerf477,Perftest1,DHAZ3624RPRF,94-1196203RPRF
TestPerf478,Perftest1,DHAZ3624RPRF,94-1196203RPRF
TestPerf479,Perftest1,DHAZ3624RPRF,94-1196203RPRF
TestPerf480,Perftest1,DHAZ3624RPRF,94-1196203RPRF
TestPerf481,Perftest1,DHAZ3624RPRF,94-1196203RPRF
TestPerf482,Perftest1,DHAZ3624RPRF,94-1196203RPRF
TestPerf483,Perftest1,DHAZ3624RPRF,94-1196203RPRF
TestPerf484,Perftest1,DHAZ3624RPRF,94-1196203RPRF
TestPerf485,Perftest1,DHAZ3624RPRF,94-1196203RPRF
TestPerf486,Perftest1,DHAZ3624RPRF,94-1196203RPRF
TestPerf487,Perftest1,DHAZ3624RPRF,94-1196203RPRF
TestPerf488,Perftest1,DHAZ3624RPRF,94-1196203RPRF
TestPerf489,Perftest1,DHAZ3624RPRF,94-1196203RPRF
TestPerf490,Perftest1,DHAZ3624RPRF,94-1196203RPRF
TestPerf491,Perftest1,DHAZ3624RPRF,94-1196203RPRF
TestPerf492,Perftest1,DHAZ3624RPRF,94-1196203RPRF
TestPerf493,Perftest1,DHAZ3624RPRF,94-1196203RPRF
TestPerf494,Perftest1,DHAZ3624RPRF,94-1196203RPRF
TestPerf495,Perftest1,DHAZ3624RPRF,94-1196203RPRF
TestPerf496,Perftest1,DHAZ3624RPRF,94-1196203RPRF
TestPerf497,Perftest1,DHAZ3624RPRF,94-1196203RPRF
TestPerf498,Perftest1,DHAZ3624RPRF,94-1196203RPRF
TestPerf499,Perftest1,DHAZ3624RPRF,94-1196203RPRF
