TestPerf500,Perftest1,PPCO9462PRF,94-1196203RPRF
TestPerf501,Perftest1,PPCO9462PRF,94-1196203RPRF
TestPerf502,Perftest1,PPCO9462PRF,94-1196203RPRF
TestPerf503,Perftest1,PPCO9462PRF,94-1196203RPRF
TestPerf504,Perftest1,PPCO9462PRF,94-1196203RPRF
TestPerf505,Perftest1,PPCO9462PRF,94-1196203RPRF
TestPerf506,Perftest1,PPCO9462PRF,94-1196203RPRF
TestPerf507,Perftest1,PPCO9462PRF,94-1196203RPRF
TestPerf508,Perftest1,PPCO9462PRF,94-1196203RPRF
TestPerf509,Perftest1,PPCO9462PRF,94-1196203RPRF
TestPerf510,Perftest1,PPCO9462PRF,94-1196203RPRF
TestPerf511,Perftest1,PPCO9462PRF,94-1196203RPRF
TestPerf512,Perftest1,PPCO9462PRF,94-1196203RPRF
TestPerf513,Perftest1,PPCO9462PRF,94-1196203RPRF
TestPerf514,Perftest1,PPCO9462PRF,94-1196203RPRF
TestPerf515,Perftest1,PPCO9462PRF,94-1196203RPRF
TestPerf516,Perftest1,PPCO9462PRF,94-1196203RPRF
TestPerf517,Perftest1,PPCO9462PRF,94-1196203RPRF
TestPerf518,Perftest1,PPCO9462PRF,94-1196203RPRF
TestPerf519,Perftest1,PPCO9462PRF,94-1196203RPRF
TestPerf520,Perftest1,PPCO9462PRF,94-1196203RPRF
TestPerf521,Perftest1,PPCO9462PRF,94-1196203RPRF
TestPerf522,Perftest1,PPCO9462PRF,94-1196203RPRF
TestPerf523,Perftest1,PPCO9462PRF,94-1196203RPRF
TestPerf524,Perftest1,PPCO9462PRF,94-1196203RPRF
TestPerf525,Perftest1,PPCO9462PRF,94-1196203RPRF
TestPerf526,Perftest1,PPCO9462PRF,94-1196203RPRF
TestPerf527,Perftest1,PPCO9462PRF,94-1196203RPRF
TestPerf528,Perftest1,PPCO9462PRF,94-1196203RPRF
TestPerf529,Perftest1,PPCO9462PRF,94-1196203RPRF
TestPerf530,Perftest1,PPCO9462PRF,94-1196203RPRF
TestPerf531,Perftest1,PPCO9462PRF,94-1196203RPRF
TestPerf532,Perftest1,PPCO9462PRF,94-1196203RPRF
TestPerf533,Perftest1,PPCO9462PRF,94-1196203RPRF
TestPerf534,Perftest1,PPCO9462PRF,94-1196203RPRF
TestPerf535,Perftest1,PPCO9462PRF,94-1196203RPRF
TestPerf536,Perftest1,PPCO9462PRF,94-1196203RPRF
TestPerf537,Perftest1,PPCO9462PRF,94-1196203RPRF
TestPerf538,Perftest1,PPCO9462PRF,94-1196203RPRF
TestPerf539,Perftest1,PPCO9462PRF,94-1196203RPRF
TestPerf540,Perftest1,PPCO9462PRF,94-1196203RPRF
TestPerf541,Perftest1,PPCO9462PRF,94-1196203RPRF
TestPerf542,Perftest1,PPCO9462PRF,94-1196203RPRF
TestPerf543,Perftest1,PPCO9462PRF,94-1196203RPRF
TestPerf544,Perftest1,PPCO9462PRF,94-1196203RPRF
TestPerf545,Perftest1,PPCO9462PRF,94-1196203RPRF
TestPerf546,Perftest1,PPCO9462PRF,94-1196203RPRF
TestPerf547,Perftest1,PPCO9462PRF,94-1196203RPRF
TestPerf548,Perftest1,PPCO9462PRF,94-1196203RPRF
TestPerf549,Perftest1,PPCO9462PRF,94-1196203RPRF
TestPerf550,Perftest1,PPCO9462PRF,94-1196203RPRF
TestPerf551,Perftest1,PPCO9462PRF,94-1196203RPRF
TestPerf552,Perftest1,PPCO9462PRF,94-1196203RPRF
TestPerf553,Perftest1,PPCO9462PRF,94-1196203RPRF
TestPerf554,Perftest1,PPCO9462PRF,94-1196203RPRF
TestPerf555,Perftest1,PPCO9462PRF,94-1196203RPRF
TestPerf556,Perftest1,PPCO9462PRF,94-1196203RPRF
TestPerf557,Perftest1,PPCO9462PRF,94-1196203RPRF
TestPerf558,Perftest1,PPCO9462PRF,94-1196203RPRF
TestPerf559,Perftest1,PPCO9462PRF,94-1196203RPRF
TestPerf560,Perftest1,PPCO9462PRF,94-1196203RPRF
TestPerf561,Perftest1,PPCO9462PRF,94-1196203RPRF
TestPerf562,Perftest1,PPCO9462PRF,94-1196203RPRF
TestPerf563,Perftest1,PPCO9462PRF,94-1196203RPRF
TestPerf564,Perftest1,PPCO9462PRF,94-1196203RPRF
TestPerf565,Perftest1,PPCO9462PRF,94-1196203RPRF
TestPerf566,Perftest1,PPCO9462PRF,94-1196203RPRF
TestPerf567,Perftest1,PPCO9462PRF,94-1196203RPRF
TestPerf568,Perftest1,PPCO9462PRF,94-1196203RPRF
TestPerf569,Perftest1,PPCO9462PRF,94-1196203RPRF
TestPerf570,Perftest1,PPCO9462PRF,94-1196203RPRF
TestPerf571,Perftest1,PPCO9462PRF,94-1196203RPRF
TestPerf572,Perftest1,PPCO9462PRF,94-1196203RPRF
TestPerf573,Perftest1,PPCO9462PRF,94-1196203RPRF
TestPerf574,Perftest1,PPCO9462PRF,94-1196203RPRF
TestPerf575,Perftest1,PPCO9462PRF,94-1196203RPRF
TestPerf576,Perftest1,PPCO9462PRF,94-1196203RPRF
TestPerf577,Perftest1,PPCO9462PRF,94-1196203RPRF
TestPerf578,Perftest1,PPCO9462PRF,94-1196203RPRF
TestPerf579,Perftest1,PPCO9462PRF,94-1196203RPRF
TestPerf580,Perftest1,PPCO9462PRF,94-1196203RPRF
TestPerf581,Perftest1,PPCO9462PRF,94-1196203RPRF
TestPerf582,Perftest1,PPCO9462PRF,94-1196203RPRF
TestPerf583,Perftest1,PPCO9462PRF,94-1196203RPRF
TestPerf584,Perftest1,PPCO9462PRF,94-1196203RPRF
TestPerf585,Perftest1,PPCO9462PRF,94-1196203RPRF
TestPerf586,Perftest1,PPCO9462PRF,94-1196203RPRF
TestPerf587,Perftest1,PPCO9462PRF,94-1196203RPRF
TestPerf588,Perftest1,PPCO9462PRF,94-1196203RPRF
TestPerf589,Perftest1,PPCO9462PRF,94-1196203RPRF
TestPerf590,Perftest1,PPCO9462PRF,94-1196203RPRF
TestPerf591,Perftest1,PPCO9462PRF,94-1196203RPRF
TestPerf592,Perftest1,PPCO9462PRF,94-1196203RPRF
TestPerf593,Perftest1,PPCO9462PRF,94-1196203RPRF
TestPerf594,Perftest1,PPCO9462PRF,94-1196203RPRF
TestPerf595,Perftest1,PPCO9462PRF,94-1196203RPRF
TestPerf596,Perftest1,PPCO9462PRF,94-1196203RPRF
TestPerf597,Perftest1,PPCO9462PRF,94-1196203RPRF
TestPerf598,Perftest1,PPCO9462PRF,94-1196203RPRF
TestPerf599,Perftest1,PPCO9462PRF,94-1196203RPRF
TestPerf600,Perftest1,PPCO9462PRF,94-1196203RPRF
TestPerf601,Perftest1,PPCO9462PRF,94-1196203RPRF
TestPerf602,Perftest1,PPCO9462PRF,94-1196203RPRF
TestPerf603,Perftest1,PPCO9462PRF,94-1196203RPRF
TestPerf604,Perftest1,PPCO9462PRF,94-1196203RPRF
TestPerf605,Perftest1,PPCO9462PRF,94-1196203RPRF
TestPerf606,Perftest1,PPCO9462PRF,94-1196203RPRF
TestPerf607,Perftest1,PPCO9462PRF,94-1196203RPRF
TestPerf608,Perftest1,PPCO9462PRF,94-1196203RPRF
TestPerf609,Perftest1,PPCO9462PRF,94-1196203RPRF
TestPerf610,Perftest1,PPCO9462PRF,94-1196203RPRF
TestPerf611,Perftest1,PPCO9462PRF,94-1196203RPRF
TestPerf612,Perftest1,PPCO9462PRF,94-1196203RPRF
TestPerf613,Perftest1,PPCO9462PRF,94-1196203RPRF
TestPerf614,Perftest1,PPCO9462PRF,94-1196203RPRF
TestPerf615,Perftest1,PPCO9462PRF,94-1196203RPRF
TestPerf616,Perftest1,PPCO9462PRF,94-1196203RPRF
TestPerf617,Perftest1,PPCO9462PRF,94-1196203RPRF
TestPerf618,Perftest1,PPCO9462PRF,94-1196203RPRF
TestPerf619,Perftest1,PPCO9462PRF,94-1196203RPRF
TestPerf620,Perftest1,PPCO9462PRF,94-1196203RPRF
TestPerf621,Perftest1,PPCO9462PRF,94-1196203RPRF
TestPerf622,Perftest1,PPCO9462PRF,94-1196203RPRF
TestPerf623,Perftest1,PPCO9462PRF,94-1196203RPRF
TestPerf624,Perftest1,PPCO9462PRF,94-1196203RPRF
TestPerf625,Perftest1,PPCO9462PRF,94-1196203RPRF
TestPerf626,Perftest1,PPCO9462PRF,94-1196203RPRF
TestPerf627,Perftest1,PPCO9462PRF,94-1196203RPRF
TestPerf628,Perftest1,PPCO9462PRF,94-1196203RPRF
TestPerf629,Perftest1,PPCO9462PRF,94-1196203RPRF
TestPerf630,Perftest1,PPCO9462PRF,94-1196203RPRF
TestPerf631,Perftest1,PPCO9462PRF,94-1196203RPRF
TestPerf632,Perftest1,PPCO9462PRF,94-1196203RPRF
TestPerf633,Perftest1,PPCO9462PRF,94-1196203RPRF
TestPerf634,Perftest1,PPCO9462PRF,94-1196203RPRF
TestPerf635,Perftest1,PPCO9462PRF,94-1196203RPRF
TestPerf636,Perftest1,PPCO9462PRF,94-1196203RPRF
TestPerf637,Perftest1,PPCO9462PRF,94-1196203RPRF
TestPerf638,Perftest1,PPCO9462PRF,94-1196203RPRF
TestPerf639,Perftest1,PPCO9462PRF,94-1196203RPRF
TestPerf640,Perftest1,PPCO9462PRF,94-1196203RPRF
TestPerf641,Perftest1,PPCO9462PRF,94-1196203RPRF
TestPerf642,Perftest1,PPCO9462PRF,94-1196203RPRF
TestPerf643,Perftest1,PPCO9462PRF,94-1196203RPRF
TestPerf644,Perftest1,PPCO9462PRF,94-1196203RPRF
TestPerf645,Perftest1,PPCO9462PRF,94-1196203RPRF
TestPerf646,Perftest1,PPCO9462PRF,94-1196203RPRF
TestPerf647,Perftest1,PPCO9462PRF,94-1196203RPRF
TestPerf648,Perftest1,PPCO9462PRF,94-1196203RPRF
TestPerf649,Perftest1,PPCO9462PRF,94-1196203RPRF
TestPerf650,Perftest1,PPCO9462PRF,94-1196203RPRF
TestPerf651,Perftest1,PPCO9462PRF,94-1196203RPRF
TestPerf652,Perftest1,PPCO9462PRF,94-1196203RPRF
TestPerf653,Perftest1,PPCO9462PRF,94-1196203RPRF
TestPerf654,Perftest1,PPCO9462PRF,94-1196203RPRF
TestPerf655,Perftest1,PPCO9462PRF,94-1196203RPRF
TestPerf656,Perftest1,PPCO9462PRF,94-1196203RPRF
TestPerf657,Perftest1,PPCO9462PRF,94-1196203RPRF
TestPerf658,Perftest1,PPCO9462PRF,94-1196203RPRF
TestPerf659,Perftest1,PPCO9462PRF,94-1196203RPRF
TestPerf660,Perftest1,PPCO9462PRF,94-1196203RPRF
TestPerf661,Perftest1,PPCO9462PRF,94-1196203RPRF
TestPerf662,Perftest1,PPCO9462PRF,94-1196203RPRF
TestPerf663,Perftest1,PPCO9462PRF,94-1196203RPRF
TestPerf664,Perftest1,PPCO9462PRF,94-1196203RPRF
TestPerf665,Perftest1,PPCO9462PRF,94-1196203RPRF
TestPerf666,Perftest1,PPCO9462PRF,94-1196203RPRF
TestPerf667,Perftest1,PPCO9462PRF,94-1196203RPRF
TestPerf668,Perftest1,PPCO9462PRF,94-1196203RPRF
TestPerf669,Perftest1,PPCO9462PRF,94-1196203RPRF
TestPerf670,Perftest1,PPCO9462PRF,94-1196203RPRF
TestPerf671,Perftest1,PPCO9462PRF,94-1196203RPRF
TestPerf672,Perftest1,PPCO9462PRF,94-1196203RPRF
TestPerf673,Perftest1,PPCO9462PRF,94-1196203RPRF
TestPerf674,Perftest1,PPCO9462PRF,94-1196203RPRF
TestPerf675,Perftest1,PPCO9462PRF,94-1196203RPRF
TestPerf676,Perftest1,PPCO9462PRF,94-1196203RPRF
TestPerf677,Perftest1,PPCO9462PRF,94-1196203RPRF
TestPerf678,Perftest1,PPCO9462PRF,94-1196203RPRF
TestPerf679,Perftest1,PPCO9462PRF,94-1196203RPRF
TestPerf680,Perftest1,PPCO9462PRF,94-1196203RPRF
TestPerf681,Perftest1,PPCO9462PRF,94-1196203RPRF
TestPerf682,Perftest1,PPCO9462PRF,94-1196203RPRF
TestPerf683,Perftest1,PPCO9462PRF,94-1196203RPRF
TestPerf684,Perftest1,PPCO9462PRF,94-1196203RPRF
TestPerf685,Perftest1,PPCO9462PRF,94-1196203RPRF
TestPerf686,Perftest1,PPCO9462PRF,94-1196203RPRF
TestPerf687,Perftest1,PPCO9462PRF,94-1196203RPRF
TestPerf688,Perftest1,PPCO9462PRF,94-1196203RPRF
TestPerf689,Perftest1,PPCO9462PRF,94-1196203RPRF
TestPerf690,Perftest1,PPCO9462PRF,94-1196203RPRF
TestPerf691,Perftest1,PPCO9462PRF,94-1196203RPRF
TestPerf692,Perftest1,PPCO9462PRF,94-1196203RPRF
TestPerf693,Perftest1,PPCO9462PRF,94-1196203RPRF
TestPerf694,Perftest1,PPCO9462PRF,94-1196203RPRF
TestPerf695,Perftest1,PPCO9462PRF,94-1196203RPRF
TestPerf696,Perftest1,PPCO9462PRF,94-1196203RPRF
TestPerf697,Perftest1,PPCO9462PRF,94-1196203RPRF
TestPerf698,Perftest1,PPCO9462PRF,94-1196203RPRF
TestPerf699,Perftest1,PPCO9462PRF,94-1196203RPRF
TestPerf700,Perftest1,PPCO9462PRF,94-1196203RPRF
TestPerf701,Perftest1,PPCO9462PRF,94-1196203RPRF
TestPerf702,Perftest1,PPCO9462PRF,94-1196203RPRF
TestPerf703,Perftest1,PPCO9462PRF,94-1196203RPRF
TestPerf704,Perftest1,PPCO9462PRF,94-1196203RPRF
TestPerf705,Perftest1,PPCO9462PRF,94-1196203RPRF
TestPerf706,Perftest1,PPCO9462PRF,94-1196203RPRF
TestPerf707,Perftest1,PPCO9462PRF,94-1196203RPRF
TestPerf708,Perftest1,PPCO9462PRF,94-1196203RPRF
TestPerf709,Perftest1,PPCO9462PRF,94-1196203RPRF
TestPerf710,Perftest1,PPCO9462PRF,94-1196203RPRF
TestPerf711,Perftest1,PPCO9462PRF,94-1196203RPRF
TestPerf712,Perftest1,PPCO9462PRF,94-1196203RPRF
TestPerf713,Perftest1,PPCO9462PRF,94-1196203RPRF
TestPerf714,Perftest1,PPCO9462PRF,94-1196203RPRF
TestPerf715,Perftest1,PPCO9462PRF,94-1196203RPRF
TestPerf716,Perftest1,PPCO9462PRF,94-1196203RPRF
TestPerf717,Perftest1,PPCO9462PRF,94-1196203RPRF
TestPerf718,Perftest1,PPCO9462PRF,94-1196203RPRF
TestPerf719,Perftest1,PPCO9462PRF,94-1196203RPRF
TestPerf720,Perftest1,PPCO9462PRF,94-1196203RPRF
TestPerf721,Perftest1,PPCO9462PRF,94-1196203RPRF
TestPerf722,Perftest1,PPCO9462PRF,94-1196203RPRF
TestPerf723,Perftest1,PPCO9462PRF,94-1196203RPRF
TestPerf724,Perftest1,PPCO9462PRF,94-1196203RPRF
TestPerf725,Perftest1,PPCO9462PRF,94-1196203RPRF
TestPerf726,Perftest1,PPCO9462PRF,94-1196203RPRF
TestPerf727,Perftest1,PPCO9462PRF,94-1196203RPRF
TestPerf728,Perftest1,PPCO9462PRF,94-1196203RPRF
TestPerf729,Perftest1,PPCO9462PRF,94-1196203RPRF
TestPerf730,Perftest1,PPCO9462PRF,94-1196203RPRF
TestPerf731,Perftest1,PPCO9462PRF,94-1196203RPRF
TestPerf732,Perftest1,PPCO9462PRF,94-1196203RPRF
TestPerf733,Perftest1,PPCO9462PRF,94-1196203RPRF
TestPerf734,Perftest1,PPCO9462PRF,94-1196203RPRF
TestPerf735,Perftest1,PPCO9462PRF,94-1196203RPRF
TestPerf736,Perftest1,PPCO9462PRF,94-1196203RPRF
TestPerf737,Perftest1,PPCO9462PRF,94-1196203RPRF
TestPerf738,Perftest1,PPCO9462PRF,94-1196203RPRF
TestPerf739,Perftest1,PPCO9462PRF,94-1196203RPRF
TestPerf740,Perftest1,PPCO9462PRF,94-1196203RPRF
TestPerf741,Perftest1,PPCO9462PRF,94-1196203RPRF
TestPerf742,Perftest1,PPCO9462PRF,94-1196203RPRF
TestPerf743,Perftest1,PPCO9462PRF,94-1196203RPRF
TestPerf744,Perftest1,PPCO9462PRF,94-1196203RPRF
TestPerf745,Perftest1,PPCO9462PRF,94-1196203RPRF
TestPerf746,Perftest1,PPCO9462PRF,94-1196203RPRF
TestPerf747,Perftest1,PPCO9462PRF,94-1196203RPRF
TestPerf748,Perftest1,PPCO9462PRF,94-1196203RPRF
TestPerf749,Perftest1,PPCO9462PRF,94-1196203RPRF
TestPerf750,Perftest1,PPCO9462PRF,94-1196203RPRF
TestPerf751,Perftest1,PPCO9462PRF,94-1196203RPRF
TestPerf752,Perftest1,PPCO9462PRF,94-1196203RPRF
TestPerf753,Perftest1,PPCO9462PRF,94-1196203RPRF
TestPerf754,Perftest1,PPCO9462PRF,94-1196203RPRF
TestPerf755,Perftest1,PPCO9462PRF,94-1196203RPRF
TestPerf756,Perftest1,PPCO9462PRF,94-1196203RPRF
TestPerf757,Perftest1,PPCO9462PRF,94-1196203RPRF
TestPerf758,Perftest1,PPCO9462PRF,94-1196203RPRF
TestPerf759,Perftest1,PPCO9462PRF,94-1196203RPRF
TestPerf760,Perftest1,PPCO9462PRF,94-1196203RPRF
TestPerf761,Perftest1,PPCO9462PRF,94-1196203RPRF
TestPerf762,Perftest1,PPCO9462PRF,94-1196203RPRF
TestPerf763,Perftest1,PPCO9462PRF,94-1196203RPRF
TestPerf764,Perftest1,PPCO9462PRF,94-1196203RPRF
TestPerf765,Perftest1,PPCO9462PRF,94-1196203RPRF
TestPerf766,Perftest1,PPCO9462PRF,94-1196203RPRF
TestPerf767,Perftest1,PPCO9462PRF,94-1196203RPRF
TestPerf768,Perftest1,PPCO9462PRF,94-1196203RPRF
TestPerf769,Perftest1,PPCO9462PRF,94-1196203RPRF
TestPerf770,Perftest1,PPCO9462PRF,94-1196203RPRF
TestPerf771,Perftest1,PPCO9462PRF,94-1196203RPRF
TestPerf772,Perftest1,PPCO9462PRF,94-1196203RPRF
TestPerf773,Perftest1,PPCO9462PRF,94-1196203RPRF
TestPerf774,Perftest1,PPCO9462PRF,94-1196203RPRF
TestPerf775,Perftest1,PPCO9462PRF,94-1196203RPRF
TestPerf776,Perftest1,PPCO9462PRF,94-1196203RPRF
TestPerf777,Perftest1,PPCO9462PRF,94-1196203RPRF
TestPerf778,Perftest1,PPCO9462PRF,94-1196203RPRF
TestPerf779,Perftest1,PPCO9462PRF,94-1196203RPRF
TestPerf780,Perftest1,PPCO9462PRF,94-1196203RPRF
TestPerf781,Perftest1,PPCO9462PRF,94-1196203RPRF
TestPerf782,Perftest1,PPCO9462PRF,94-1196203RPRF
TestPerf783,Perftest1,PPCO9462PRF,94-1196203RPRF
TestPerf784,Perftest1,PPCO9462PRF,94-1196203RPRF
TestPerf785,Perftest1,PPCO9462PRF,94-1196203RPRF
TestPerf786,Perftest1,PPCO9462PRF,94-1196203RPRF
TestPerf787,Perftest1,PPCO9462PRF,94-1196203RPRF
TestPerf788,Perftest1,PPCO9462PRF,94-1196203RPRF
TestPerf789,Perftest1,PPCO9462PRF,94-1196203RPRF
TestPerf790,Perftest1,PPCO9462PRF,94-1196203RPRF
TestPerf791,Perftest1,PPCO9462PRF,94-1196203RPRF
TestPerf792,Perftest1,PPCO9462PRF,94-1196203RPRF
TestPerf793,Perftest1,PPCO9462PRF,94-1196203RPRF
TestPerf794,Perftest1,PPCO9462PRF,94-1196203RPRF
TestPerf795,Perftest1,PPCO9462PRF,94-1196203RPRF
TestPerf796,Perftest1,PPCO9462PRF,94-1196203RPRF
TestPerf797,Perftest1,PPCO9462PRF,94-1196203RPRF
TestPerf798,Perftest1,PPCO9462PRF,94-1196203RPRF
TestPerf799,Perftest1,PPCO9462PRF,94-1196203RPRF
TestPerf800,Perftest1,PPCO9462PRF,94-1196203RPRF
TestPerf801,Perftest1,PPCO9462PRF,94-1196203RPRF
TestPerf802,Perftest1,PPCO9462PRF,94-1196203RPRF
TestPerf803,Perftest1,PPCO9462PRF,94-1196203RPRF
TestPerf804,Perftest1,PPCO9462PRF,94-1196203RPRF
TestPerf805,Perftest1,PPCO9462PRF,94-1196203RPRF
TestPerf806,Perftest1,PPCO9462PRF,94-1196203RPRF
TestPerf807,Perftest1,PPCO9462PRF,94-1196203RPRF
TestPerf808,Perftest1,PPCO9462PRF,94-1196203RPRF
TestPerf809,Perftest1,PPCO9462PRF,94-1196203RPRF
TestPerf810,Perftest1,PPCO9462PRF,94-1196203RPRF
TestPerf811,Perftest1,PPCO9462PRF,94-1196203RPRF
TestPerf812,Perftest1,PPCO9462PRF,94-1196203RPRF
TestPerf813,Perftest1,PPCO9462PRF,94-1196203RPRF
TestPerf814,Perftest1,PPCO9462PRF,94-1196203RPRF
TestPerf815,Perftest1,PPCO9462PRF,94-1196203RPRF
TestPerf816,Perftest1,PPCO9462PRF,94-1196203RPRF
TestPerf817,Perftest1,PPCO9462PRF,94-1196203RPRF
TestPerf818,Perftest1,PPCO9462PRF,94-1196203RPRF
TestPerf819,Perftest1,PPCO9462PRF,94-1196203RPRF
TestPerf820,Perftest1,PPCO9462PRF,94-1196203RPRF
TestPerf821,Perftest1,PPCO9462PRF,94-1196203RPRF
TestPerf822,Perftest1,PPCO9462PRF,94-1196203RPRF
TestPerf823,Perftest1,PPCO9462PRF,94-1196203RPRF
TestPerf824,Perftest1,PPCO9462PRF,94-1196203RPRF
TestPerf825,Perftest1,PPCO9462PRF,94-1196203RPRF
TestPerf826,Perftest1,PPCO9462PRF,94-1196203RPRF
TestPerf827,Perftest1,PPCO9462PRF,94-1196203RPRF
TestPerf828,Perftest1,PPCO9462PRF,94-1196203RPRF
TestPerf829,Perftest1,PPCO9462PRF,94-1196203RPRF
TestPerf830,Perftest1,PPCO9462PRF,94-1196203RPRF
TestPerf831,Perftest1,PPCO9462PRF,94-1196203RPRF
TestPerf832,Perftest1,PPCO9462PRF,94-1196203RPRF
TestPerf833,Perftest1,PPCO9462PRF,94-1196203RPRF
TestPerf834,Perftest1,PPCO9462PRF,94-1196203RPRF
TestPerf835,Perftest1,PPCO9462PRF,94-1196203RPRF
TestPerf836,Perftest1,PPCO9462PRF,94-1196203RPRF
TestPerf837,Perftest1,PPCO9462PRF,94-1196203RPRF
TestPerf838,Perftest1,PPCO9462PRF,94-1196203RPRF
TestPerf839,Perftest1,PPCO9462PRF,94-1196203RPRF
TestPerf840,Perftest1,PPCO9462PRF,94-1196203RPRF
TestPerf841,Perftest1,PPCO9462PRF,94-1196203RPRF
TestPerf842,Perftest1,PPCO9462PRF,94-1196203RPRF
TestPerf843,Perftest1,PPCO9462PRF,94-1196203RPRF
TestPerf844,Perftest1,PPCO9462PRF,94-1196203RPRF
TestPerf845,Perftest1,PPCO9462PRF,94-1196203RPRF
TestPerf846,Perftest1,PPCO9462PRF,94-1196203RPRF
TestPerf847,Perftest1,PPCO9462PRF,94-1196203RPRF
TestPerf848,Perftest1,PPCO9462PRF,94-1196203RPRF
TestPerf849,Perftest1,PPCO9462PRF,94-1196203RPRF
TestPerf850,Perftest1,PPCO9462PRF,94-1196203RPRF
TestPerf851,Perftest1,PPCO9462PRF,94-1196203RPRF
TestPerf852,Perftest1,PPCO9462PRF,94-1196203RPRF
TestPerf853,Perftest1,PPCO9462PRF,94-1196203RPRF
TestPerf854,Perftest1,PPCO9462PRF,94-1196203RPRF
TestPerf855,Perftest1,PPCO9462PRF,94-1196203RPRF
TestPerf856,Perftest1,PPCO9462PRF,94-1196203RPRF
TestPerf857,Perftest1,PPCO9462PRF,94-1196203RPRF
TestPerf858,Perftest1,PPCO9462PRF,94-1196203RPRF
TestPerf859,Perftest1,PPCO9462PRF,94-1196203RPRF
TestPerf860,Perftest1,PPCO9462PRF,94-1196203RPRF
TestPerf861,Perftest1,PPCO9462PRF,94-1196203RPRF
TestPerf862,Perftest1,PPCO9462PRF,94-1196203RPRF
TestPerf863,Perftest1,PPCO9462PRF,94-1196203RPRF
TestPerf864,Perftest1,PPCO9462PRF,94-1196203RPRF
TestPerf865,Perftest1,PPCO9462PRF,94-1196203RPRF
TestPerf866,Perftest1,PPCO9462PRF,94-1196203RPRF
TestPerf867,Perftest1,PPCO9462PRF,94-1196203RPRF
TestPerf868,Perftest1,PPCO9462PRF,94-1196203RPRF
TestPerf869,Perftest1,PPCO9462PRF,94-1196203RPRF
TestPerf870,Perftest1,PPCO9462PRF,94-1196203RPRF
TestPerf871,Perftest1,PPCO9462PRF,94-1196203RPRF
TestPerf872,Perftest1,PPCO9462PRF,94-1196203RPRF
TestPerf873,Perftest1,PPCO9462PRF,94-1196203RPRF
TestPerf874,Perftest1,PPCO9462PRF,94-1196203RPRF
TestPerf875,Perftest1,PPCO9462PRF,94-1196203RPRF
TestPerf876,Perftest1,PPCO9462PRF,94-1196203RPRF
TestPerf877,Perftest1,PPCO9462PRF,94-1196203RPRF
TestPerf878,Perftest1,PPCO9462PRF,94-1196203RPRF
TestPerf879,Perftest1,PPCO9462PRF,94-1196203RPRF
TestPerf880,Perftest1,PPCO9462PRF,94-1196203RPRF
TestPerf881,Perftest1,PPCO9462PRF,94-1196203RPRF
TestPerf882,Perftest1,PPCO9462PRF,94-1196203RPRF
TestPerf883,Perftest1,PPCO9462PRF,94-1196203RPRF
TestPerf884,Perftest1,PPCO9462PRF,94-1196203RPRF
TestPerf885,Perftest1,PPCO9462PRF,94-1196203RPRF
TestPerf886,Perftest1,PPCO9462PRF,94-1196203RPRF
TestPerf887,Perftest1,PPCO9462PRF,94-1196203RPRF
TestPerf888,Perftest1,PPCO9462PRF,94-1196203RPRF
TestPerf889,Perftest1,PPCO9462PRF,94-1196203RPRF
TestPerf890,Perftest1,PPCO9462PRF,94-1196203RPRF
TestPerf891,Perftest1,PPCO9462PRF,94-1196203RPRF
TestPerf892,Perftest1,PPCO9462PRF,94-1196203RPRF
TestPerf893,Perftest1,PPCO9462PRF,94-1196203RPRF
TestPerf894,Perftest1,PPCO9462PRF,94-1196203RPRF
TestPerf895,Perftest1,PPCO9462PRF,94-1196203RPRF
TestPerf896,Perftest1,PPCO9462PRF,94-1196203RPRF
TestPerf897,Perftest1,PPCO9462PRF,94-1196203RPRF
TestPerf898,Perftest1,PPCO9462PRF,94-1196203RPRF
TestPerf899,Perftest1,PPCO9462PRF,94-1196203RPRF
TestPerf900,Perftest1,PPCO9462PRF,94-1196203RPRF
TestPerf901,Perftest1,PPCO9462PRF,94-1196203RPRF
TestPerf902,Perftest1,PPCO9462PRF,94-1196203RPRF
TestPerf903,Perftest1,PPCO9462PRF,94-1196203RPRF
TestPerf904,Perftest1,PPCO9462PRF,94-1196203RPRF
TestPerf905,Perftest1,PPCO9462PRF,94-1196203RPRF
TestPerf906,Perftest1,PPCO9462PRF,94-1196203RPRF
TestPerf907,Perftest1,PPCO9462PRF,94-1196203RPRF
TestPerf908,Perftest1,PPCO9462PRF,94-1196203RPRF
TestPerf909,Perftest1,PPCO9462PRF,94-1196203RPRF
TestPerf910,Perftest1,PPCO9462PRF,94-1196203RPRF
TestPerf911,Perftest1,PPCO9462PRF,94-1196203RPRF
TestPerf912,Perftest1,PPCO9462PRF,94-1196203RPRF
TestPerf913,Perftest1,PPCO9462PRF,94-1196203RPRF
TestPerf914,Perftest1,PPCO9462PRF,94-1196203RPRF
TestPerf915,Perftest1,PPCO9462PRF,94-1196203RPRF
TestPerf916,Perftest1,PPCO9462PRF,94-1196203RPRF
TestPerf917,Perftest1,PPCO9462PRF,94-1196203RPRF
TestPerf918,Perftest1,PPCO9462PRF,94-1196203RPRF
TestPerf919,Perftest1,PPCO9462PRF,94-1196203RPRF
TestPerf920,Perftest1,PPCO9462PRF,94-1196203RPRF
TestPerf921,Perftest1,PPCO9462PRF,94-1196203RPRF
TestPerf922,Perftest1,PPCO9462PRF,94-1196203RPRF
TestPerf923,Perftest1,PPCO9462PRF,94-1196203RPRF
TestPerf924,Perftest1,PPCO9462PRF,94-1196203RPRF
TestPerf925,Perftest1,PPCO9462PRF,94-1196203RPRF
TestPerf926,Perftest1,PPCO9462PRF,94-1196203RPRF
TestPerf927,Perftest1,PPCO9462PRF,94-1196203RPRF
TestPerf928,Perftest1,PPCO9462PRF,94-1196203RPRF
TestPerf929,Perftest1,PPCO9462PRF,94-1196203RPRF
TestPerf930,Perftest1,PPCO9462PRF,94-1196203RPRF
TestPerf931,Perftest1,PPCO9462PRF,94-1196203RPRF
TestPerf932,Perftest1,PPCO9462PRF,94-1196203RPRF
TestPerf933,Perftest1,PPCO9462PRF,94-1196203RPRF
TestPerf934,Perftest1,PPCO9462PRF,94-1196203RPRF
TestPerf935,Perftest1,PPCO9462PRF,94-1196203RPRF
TestPerf936,Perftest1,PPCO9462PRF,94-1196203RPRF
TestPerf937,Perftest1,PPCO9462PRF,94-1196203RPRF
TestPerf938,Perftest1,PPCO9462PRF,94-1196203RPRF
TestPerf939,Perftest1,PPCO9462PRF,94-1196203RPRF
TestPerf940,Perftest1,PPCO9462PRF,94-1196203RPRF
TestPerf941,Perftest1,PPCO9462PRF,94-1196203RPRF
TestPerf942,Perftest1,PPCO9462PRF,94-1196203RPRF
TestPerf943,Perftest1,PPCO9462PRF,94-1196203RPRF
TestPerf944,Perftest1,PPCO9462PRF,94-1196203RPRF
TestPerf945,Perftest1,PPCO9462PRF,94-1196203RPRF
TestPerf946,Perftest1,PPCO9462PRF,94-1196203RPRF
TestPerf947,Perftest1,PPCO9462PRF,94-1196203RPRF
TestPerf948,Perftest1,PPCO9462PRF,94-1196203RPRF
TestPerf949,Perftest1,PPCO9462PRF,94-1196203RPRF
TestPerf950,Perftest1,PPCO9462PRF,94-1196203RPRF
TestPerf951,Perftest1,PPCO9462PRF,94-1196203RPRF
TestPerf952,Perftest1,PPCO9462PRF,94-1196203RPRF
TestPerf953,Perftest1,PPCO9462PRF,94-1196203RPRF
TestPerf954,Perftest1,PPCO9462PRF,94-1196203RPRF
TestPerf955,Perftest1,PPCO9462PRF,94-1196203RPRF
TestPerf956,Perftest1,PPCO9462PRF,94-1196203RPRF
TestPerf957,Perftest1,PPCO9462PRF,94-1196203RPRF
TestPerf958,Perftest1,PPCO9462PRF,94-1196203RPRF
TestPerf959,Perftest1,PPCO9462PRF,94-1196203RPRF
TestPerf960,Perftest1,PPCO9462PRF,94-1196203RPRF
TestPerf961,Perftest1,PPCO9462PRF,94-1196203RPRF
TestPerf962,Perftest1,PPCO9462PRF,94-1196203RPRF
TestPerf963,Perftest1,PPCO9462PRF,94-1196203RPRF
TestPerf964,Perftest1,PPCO9462PRF,94-1196203RPRF
TestPerf965,Perftest1,PPCO9462PRF,94-1196203RPRF
TestPerf966,Perftest1,PPCO9462PRF,94-1196203RPRF
TestPerf967,Perftest1,PPCO9462PRF,94-1196203RPRF
TestPerf968,Perftest1,PPCO9462PRF,94-1196203RPRF
TestPerf969,Perftest1,PPCO9462PRF,94-1196203RPRF
TestPerf970,Perftest1,PPCO9462PRF,94-1196203RPRF
TestPerf971,Perftest1,PPCO9462PRF,94-1196203RPRF
TestPerf972,Perftest1,PPCO9462PRF,94-1196203RPRF
TestPerf973,Perftest1,PPCO9462PRF,94-1196203RPRF
TestPerf974,Perftest1,PPCO9462PRF,94-1196203RPRF
TestPerf975,Perftest1,PPCO9462PRF,94-1196203RPRF
TestPerf976,Perftest1,PPCO9462PRF,94-1196203RPRF
TestPerf977,Perftest1,PPCO9462PRF,94-1196203RPRF
TestPerf978,Perftest1,PPCO9462PRF,94-1196203RPRF
TestPerf979,Perftest1,PPCO9462PRF,94-1196203RPRF
TestPerf980,Perftest1,PPCO9462PRF,94-1196203RPRF
TestPerf981,Perftest1,PPCO9462PRF,94-1196203RPRF
TestPerf982,Perftest1,PPCO9462PRF,94-1196203RPRF
TestPerf983,Perftest1,PPCO9462PRF,94-1196203RPRF
TestPerf984,Perftest1,PPCO9462PRF,94-1196203RPRF
TestPerf985,Perftest1,PPCO9462PRF,94-1196203RPRF
TestPerf986,Perftest1,PPCO9462PRF,94-1196203RPRF
TestPerf987,Perftest1,PPCO9462PRF,94-1196203RPRF
TestPerf988,Perftest1,PPCO9462PRF,94-1196203RPRF
TestPerf989,Perftest1,PPCO9462PRF,94-1196203RPRF
TestPerf990,Perftest1,PPCO9462PRF,94-1196203RPRF
TestPerf991,Perftest1,PPCO9462PRF,94-1196203RPRF
TestPerf992,Perftest1,PPCO9462PRF,94-1196203RPRF
TestPerf993,Perftest1,PPCO9462PRF,94-1196203RPRF
TestPerf994,Perftest1,PPCO9462PRF,94-1196203RPRF
TestPerf995,Perftest1,PPCO9462PRF,94-1196203RPRF
TestPerf996,Perftest1,PPCO9462PRF,94-1196203RPRF
TestPerf997,Perftest1,PPCO9462PRF,94-1196203RPRF
TestPerf998,Perftest1,PPCO9462PRF,94-1196203RPRF
TestPerf999,Perftest1,PPCO9462PRF,94-1196203RPRF
TestPerf1000,Perftest1,PPCO9462PRF,94-1196203RPRF
